{"cameraMode":{"drawMode":0,"name":"Shaded","section":"Shading Mode"},"sceneLighting":false,"audioPlay":false,"sceneViewState":{"showFog":true,"showMaterialUpdate":false,"showSkybox":false,"showFlares":true,"showImageEffects":true,"showParticleSystems":true,"showVisualEffectGraphs":true,"m_FxEnabled":true},"in2DMode":false,"pivot":{"x":0.7139999866485596,"y":0.1109255999326706,"z":-0.002728249877691269},"rotation":{"x":0.11223055422306061,"y":0.023845931515097619,"z":-0.002694038674235344,"w":0.9933925271034241},"size":0.4341397285461426,"orthographic":false}